{
  "title": "NiFi SLO Overview",
  "timezone": "browser",
  "panels": [
    {
      "type": "graph",
      "title": "FlowFiles In/Out",
      "targets": [
        {
          "expr": "nifi_flowfiles_in"
        }
      ]
    },
    {
      "type": "graph",
      "title": "Error Rate",
      "targets": [
        {
          "expr": "rate(nifi_flowfiles_failed_total[5m])"
        }
      ]
    },
    {
      "type": "gauge",
      "title": "Queue Depth (objects)",
      "targets": [
        {
          "expr": "nifi_queue_size"
        }
      ]
    },
    {
      "type": "graph",
      "title": "Latency P95 (ms)",
      "targets": [
        {
          "expr": "histogram_quantile(0.95, sum(rate(nifi_latency_ms_bucket[5m])) by (le))"
        }
      ]
    }
  ],
  "schemaVersion": 27,
  "version": 1
}
